0.04979253112033195,chuck
0.01037344398340249,performance
0.01037344398340249,plastic
0.01037344398340249,shelf
0.024896265560165973,screws
0.016597510373443983,brand
0.029045643153526972,life
0.01037344398340249,months
0.016597510373443983,xrp
0.32987551867219916,drill
0.02074688796680498,home
0.03941908713692946,bit
0.012448132780082987,days
0.01037344398340249,something
0.016597510373443983,house
0.016597510373443983,anything
0.022821576763485476,lot
0.056016597510373446,power
0.012448132780082987,bucks
0.022821576763485476,projects
0.08506224066390042,battery
0.016597510373443983,husband
0.01037344398340249,item
0.03734439834024896,time
0.016597510373443983,deal
0.02074688796680498,job
0.012448132780082987,torque
0.03112033195020747,kit
0.03941908713692946,tools
0.035269709543568464,case
0.016597510373443983,money
0.024896265560165973,dewalt
0.02074688796680498,wood
0.012448132780082987,day
0.12863070539419086,batteries
0.01037344398340249,size
0.016597510373443983,work
0.01037344398340249,sale
0.03319502074688797,tool
0.022821576763485476,driver
0.029045643153526972,drills
0.022821576763485476,duty
0.016597510373443983,year
0.024896265560165973,use
0.012448132780082987,way
0.012448132780082987,couple
0.01037344398340249,project
0.03319502074688797,years
0.035269709543568464,quality
0.04149377593360996,charge
0.01037344398340249,times
0.05394190871369295,price
0.01037344398340249,things
0.016597510373443983,holes
0.016597510373443983,drilling
0.01037344398340249,thing
0.01037344398340249,18v
0.012448132780082987,speed
0.022821576763485476,bag
0.026970954356846474,volt
0.024896265560165973,product
0.012448132780082987,batteries,charger
0.01037344398340249,drill,driver
0.024896265560165973,drill,power
0.01867219917012448,life,battery
0.022821576763485476,drill,bit
0.014522821576763486,battery,charge
0.01037344398340249,bit,wood
0.014522821576763486,drill,bits
0.014522821576763486,drill,volt
0.01037344398340249,drill,charger
0.043568464730290454,drill,batteries
0.016597510373443983,batteries,charger,drill
