0.010243277848911651,way
0.011096884336320957,L
0.02176696542893726,D600
0.01792573623559539,center
0.026034997865983782,lenses
0.020486555697823303,battery
0.021340162185232606,feature
0.018779342723004695,system
0.011096884336320957,issue
0.026461801109688432,point
0.01365770379854887,review
0.014511310285958173,RAW
0.03798548868971404,quality
0.023047375160051217,points
0.014084507042253521,price
0.011523687580025609,thing
0.028595817328211693,body
0.017498932991890738,speed
0.057191634656423386,ISO
0.05505761843790013,5D
0.017498932991890738,card
0.025181391378574478,performance
0.013230900554844216,Rebel
0.028595817328211693,image
0.013230900554844216,bit
0.020913358941527956,photos
0.012804097311139564,problem
0.011523687580025609,photography
0.026034997865983782,sensor
0.012804097311139564,people
0.012804097311139564,T2i
0.017072129748186088,button
0.117797695262484,6D
0.02731540759709774,AF
0.031156636790439608,flash
0.01195049082373026,settings
0.012377294067434912,%
0.035424669227486126,light
0.03798548868971404,(
0.024327784891165175,shots
0.015364916773367477,GPS
0.014084507042253521,crop
0.03201024327784891,time
0.18181818181818182,camera
0.013230900554844216,kit
0.057191634656423386,)
0.010670081092616303,range
0.020486555697823303,6d
0.023474178403755867,cameras
0.010243277848911651,times
0.01579172001707213,features
0.011096884336320957,shutter
0.011096884336320957,phone
0.020486555697823303,lot
0.021340162185232606,shooting
0.02560819462227913,7D
0.01835253947930004,pictures
0.020486555697823303,noise
0.03969270166453265,lens
0.01195049082373026,viewfinder
0.020059752454118653,video
0.011096884336320957,size
0.010243277848911651,bodies
0.010243277848911651,level
0.016645326504481434,screen
0.013230900554844216,60D
0.01195049082373026,years
0.010670081092616303,difference
0.039265898420828,frame
0.019632949210414,mode
0.010243277848911651,sports
0.022193768672641914,focus
0.024754588134869825,images
0.010243277848911651,camera,lens
0.014511310285958173,camera,frame
0.01195049082373026,camera,)
0.01621852326077678,5D,6D
0.010243277848911651,ISO,camera
0.012804097311139564,ISO,performance
0.022620571916346564,(,)
0.013230900554844216,center,point
0.01621852326077678,quality,image
0.01365770379854887,6D,camera
0.010243277848911651,ISO,6D
